-- TransitOps Heavy Seed Data (Phase 2)

-- 1. Insert into auth.users (Mock data for local testing)
INSERT INTO auth.users (id, instance_id, email, encrypted_password, email_confirmed_at, raw_app_meta_data, raw_user_meta_data, created_at, updated_at, role, confirmation_token, email_change, email_change_token_new, recovery_token) VALUES
('11111111-1111-1111-1111-111111111111', '00000000-0000-0000-0000-000000000000', 'admin@transitops.local', crypt('demo123', gen_salt('bf')), now(), '{"provider":"email","providers":["email"]}', '{}', now(), now(), 'authenticated', '', '', '', ''),
('22222222-2222-2222-2222-222222222222', '00000000-0000-0000-0000-000000000000', 'dispatcher@transitops.local', crypt('demo123', gen_salt('bf')), now(), '{"provider":"email","providers":["email"]}', '{}', now(), now(), 'authenticated', '', '', '', ''),
('33333333-3333-3333-3333-333333333333', '00000000-0000-0000-0000-000000000000', 'manager@transitops.local', crypt('demo123', gen_salt('bf')), now(), '{"provider":"email","providers":["email"]}', '{}', now(), now(), 'authenticated', '', '', '', '')
ON CONFLICT (id) DO NOTHING;

-- 2. Roles
INSERT INTO public.roles (id, name) VALUES 
('a0eebc99-9c0b-4ef8-bb6d-6bb9bd380a11', 'admin'),
('b0eebc99-9c0b-4ef8-bb6d-6bb9bd380a22', 'dispatcher'),
('c0eebc99-9c0b-4ef8-bb6d-6bb9bd380a33', 'manager')
ON CONFLICT (name) DO NOTHING;

-- 3. Users
INSERT INTO public.users (id, role_id, full_name, email) VALUES 
('11111111-1111-1111-1111-111111111111', 'a0eebc99-9c0b-4ef8-bb6d-6bb9bd380a11', 'Super Admin', 'admin@transitops.local'),
('22222222-2222-2222-2222-222222222222', 'b0eebc99-9c0b-4ef8-bb6d-6bb9bd380a22', 'Chief Dispatcher', 'dispatcher@transitops.local'),
('33333333-3333-3333-3333-333333333333', 'c0eebc99-9c0b-4ef8-bb6d-6bb9bd380a33', 'Operations Manager', 'manager@transitops.local')
ON CONFLICT (email) DO NOTHING;

-- 4. Vehicles
INSERT INTO public.vehicles (id, registration_number, make, model, year, capacity, status) VALUES 
('b8cf756c-244c-461c-9439-99cd9b89260a', 'KA-86-WN-3311', 'Volvo', 'Metrolink', 2024, 40, 'active'),
('dc464d1b-50eb-45af-bb4c-cc68a7bc9716', 'KA-18-JL-9203', 'Ashok Leyland', 'Pro', 2018, 60, 'active'),
('d059f352-e303-487a-870c-8509ddcab98c', 'KA-48-FX-1552', 'Eicher', 'Blazo', 2022, 40, 'active'),
('eb5cdfb7-1140-4cc6-863f-e3980f919601', 'KA-19-EK-4448', 'Mahindra', 'B11R', 2023, 30, 'active'),
('0e739687-ea16-441f-bc20-0d3883ae0f7e', 'KA-92-BW-9433', 'Eicher', 'Pro', 2019, 60, 'active'),
('23608307-d653-4045-85f9-c0c0b7829ea9', 'KA-58-HF-1515', 'Tata', 'Blazo', 2023, 60, 'out_of_service'),
('636efa5e-61f2-4045-930c-3f9fd85010c7', 'KA-47-FT-8236', 'Ashok Leyland', 'Cheetah', 2023, 60, 'in_maintenance'),
('5cb4cb0c-efa1-430e-92bd-6f72eb39cf90', 'KA-56-NH-5339', 'Mahindra', 'Pro', 2020, 50, 'active'),
('6a5df0e8-598a-42a7-8682-ecd280bf38eb', 'KA-83-JY-9042', 'Tata', 'B11R', 2024, 30, 'active'),
('d840cfce-0149-4cc3-9955-364509177b8c', 'KA-16-VB-7839', 'Eicher', 'Pro', 2019, 50, 'active'),
('8ae78928-3010-4de1-a0a5-878b9aa12057', 'KA-70-NV-4305', 'Ashok Leyland', 'B11R', 2022, 30, 'out_of_service'),
('f8e5f73f-2f3f-42c6-a193-0654df7adc2a', 'KA-64-XW-2815', 'BharatBenz', 'Metrolink', 2024, 40, 'active'),
('73bc4f7f-5d6b-4163-9a7d-e170a64362b4', 'KA-26-ZM-3238', 'BharatBenz', 'B11R', 2022, 30, 'active'),
('c5f8f29a-153a-49fe-84e3-323a0ecb0921', 'KA-62-RU-2057', 'Eicher', 'Metrolink', 2024, 40, 'active'),
('30b33e8e-6900-4374-8a3f-53ba67073577', 'KA-37-MD-6062', 'BharatBenz', 'B11R', 2023, 40, 'active'),
('b876dd1c-e9e2-453e-a3c6-906bc1c2673e', 'KA-12-WQ-5235', 'Ashok Leyland', 'Marcopolo', 2021, 60, 'active'),
('a67010cb-b00a-4c01-984a-5535ac1ced03', 'KA-82-GI-4112', 'Ashok Leyland', 'Cheetah', 2020, 50, 'out_of_service'),
('e3296331-b481-485f-a893-946aa064f757', 'KA-42-CE-4170', 'Eicher', 'Metrolink', 2021, 40, 'active'),
('ca30025c-aedb-40bc-9dd6-1289aeb80bb7', 'KA-23-KG-5698', 'Volvo', 'Marcopolo', 2018, 60, 'in_maintenance'),
('6488264f-8e7a-43af-8f83-6e8946d1e251', 'KA-41-GC-9496', 'Mahindra', 'Blazo', 2020, 40, 'active'),
('1b6ed403-7b5e-4425-9d1c-72d0780d1a36', 'KA-98-GJ-4985', 'Mahindra', 'Marcopolo', 2019, 20, 'out_of_service'),
('b399713a-6f35-46ac-aa20-a87602408b4a', 'KA-47-US-5878', 'BharatBenz', 'Blazo', 2019, 50, 'in_maintenance'),
('35e5445a-e8da-45c2-9375-ff7c5fdeae04', 'KA-23-SK-5574', 'Ashok Leyland', 'Pro', 2022, 20, 'in_maintenance'),
('e4816245-7e87-43aa-96d9-f7f0e96edd01', 'KA-66-XJ-4311', 'Tata', 'B11R', 2021, 60, 'in_maintenance'),
('5529f3ab-9a5f-4695-89a5-abd3c83493d9', 'KA-82-JF-2131', 'Eicher', 'Marcopolo', 2019, 20, 'active'),
('9c890566-fed0-429a-9af7-bb7cdf3fbfdf', 'KA-18-MD-1141', 'Volvo', 'B11R', 2021, 30, 'active'),
('1565f2bc-110c-46f1-9c9f-ce31df16587e', 'KA-85-CK-1658', 'Mahindra', 'Marcopolo', 2021, 60, 'active'),
('34c528eb-a498-4803-91da-a4e99ce3f0b3', 'KA-80-SW-2233', 'Scania', 'Blazo', 2020, 30, 'active'),
('e6f873b3-008b-4f4c-a766-0a5f413d8f0f', 'KA-82-FY-9713', 'Scania', 'Marcopolo', 2022, 30, 'active'),
('df6677f6-2514-4cbd-97d6-a8dfedbd4352', 'KA-90-QB-4515', 'Scania', 'B11R', 2019, 40, 'active'),
('3acead04-2fea-4f52-8f08-46e20f1d18ef', 'KA-67-WY-2019', 'Mahindra', 'B11R', 2019, 20, 'active'),
('5fbc1b4e-9201-4d14-9469-34275c632032', 'KA-98-ZF-1972', 'Tata', 'Pro', 2024, 50, 'active'),
('3dbe6e8b-ae2b-485f-b856-12ad3d496ebe', 'KA-95-PH-6654', 'Eicher', 'Marcopolo', 2024, 30, 'active'),
('dc7beb8e-3a3a-47ad-a793-c6f439a68b2b', 'KA-97-GD-7651', 'Scania', 'Metrolink', 2023, 20, 'out_of_service'),
('9f670c80-6185-47b3-bcde-2eeceada4290', 'KA-42-AL-1496', 'Mahindra', 'B11R', 2018, 40, 'active')
ON CONFLICT (registration_number) DO NOTHING;

-- 5. Drivers
INSERT INTO public.drivers (id, license_number, first_name, last_name, phone, status) VALUES 
('17312f76-6675-45c5-965f-175bf4730948', 'DL-245894142', 'Sanjay', 'Nair', '+919157598548', 'available'),
('d6994ce4-0a08-4fb8-b1dc-f8eb553c1003', 'DL-632617102', 'Amit', 'Kumar', '+919833842999', 'on_trip'),
('807c80cc-406d-4850-a7c4-0e9e84e61569', 'DL-689523936', 'Amit', 'Kumar', '+919295032121', 'on_trip'),
('4a1b4d56-b18d-4d03-87c1-2971fac3753c', 'DL-731398520', 'Sanjay', 'Yadav', '+919436410757', 'available'),
('cba07b73-4015-4170-b238-6afa2fbd135f', 'DL-544159893', 'Amit', 'Yadav', '+919131268629', 'available'),
('034bfebf-4a21-43ba-906f-d861597d86da', 'DL-884737358', 'Rajesh', 'Kumar', '+919680073120', 'available'),
('937e69a6-878e-48a4-a309-866c0fbe943f', 'DL-407868222', 'Amit', 'Nair', '+919958585977', 'available'),
('6178d949-5111-4004-beb5-8efcb7867505', 'DL-408089675', 'Mohan', 'Rao', '+919689304950', 'on_trip'),
('b7203f12-ca2a-4cbe-8b82-91db1708fd29', 'DL-432884489', 'Mukesh', 'Verma', '+919383242554', 'available'),
('6ef83a7c-0c8c-49b9-b3c4-0da31b89f6f0', 'DL-359927892', 'Karan', 'Rao', '+919186322586', 'available'),
('702ed252-3d9e-4b5f-8f9d-325f46a5e76c', 'DL-676610929', 'Mukesh', 'Sharma', '+919400783743', 'on_trip'),
('35489e71-1892-4dcd-9e9a-20a22d53532a', 'DL-903432992', 'Anil', 'Kumar', '+919696107048', 'off_duty'),
('23ea6586-c085-47ae-a496-154570d20ecb', 'DL-213893053', 'Vijay', 'Kumar', '+919909070513', 'on_trip'),
('ce88511b-55a4-4627-b00c-23ca9348e568', 'DL-609723816', 'Deepak', 'Joshi', '+919261692533', 'available'),
('b09c02b2-d119-4514-86c1-0a4841f5447f', 'DL-190858399', 'Karan', 'Sharma', '+919617835213', 'available'),
('de24ccbf-5d25-4546-8cb2-7d5e70e32e7e', 'DL-653782132', 'Sanjay', 'Yadav', '+919447679545', 'on_trip'),
('d9224442-922a-47f9-bb98-ccc428334713', 'DL-186082432', 'Manish', 'Rao', '+919320972334', 'off_duty'),
('ca299a76-5049-45e3-9e48-26b506d94059', 'DL-939542221', 'Mohan', 'Singh', '+919896156078', 'available'),
('d4161191-a87c-4cb5-bdc5-a625bbc94360', 'DL-594775970', 'Vijay', 'Yadav', '+919452398712', 'available'),
('09532325-5341-4db6-97a7-b4ee394f538d', 'DL-113956180', 'Ravi', 'Singh', '+919613721383', 'on_trip'),
('6bc6942e-b4de-4baf-814e-09d6887644e3', 'DL-702930740', 'Mukesh', 'Yadav', '+919273467203', 'available'),
('e8e5e1ee-f119-4002-80be-3b46b156788d', 'DL-965022909', 'Anil', 'Sharma', '+919745632679', 'available'),
('50a2068e-7be8-4916-ab08-7fdfdc1e6602', 'DL-212159173', 'Pawan', 'Sharma', '+919342335510', 'available'),
('4d1811be-72c4-47c9-830e-e7f54430e028', 'DL-488985105', 'Prakash', 'Rao', '+919851635301', 'off_duty'),
('a81d27af-7a5c-4652-9f5d-7ce7b6ab4ed8', 'DL-498866287', 'Ramesh', 'Singh', '+919996092366', 'available')
ON CONFLICT (license_number) DO NOTHING;

-- 6. Trips
INSERT INTO public.trips (id, vehicle_id, driver_id, start_location, end_location, start_time, end_time, status) VALUES 
('f03e4c66-9a4a-4a6c-adec-928d80a427d7', '3dbe6e8b-ae2b-485f-b856-12ad3d496ebe', '23ea6586-c085-47ae-a496-154570d20ecb', 'Pune', 'Hyderabad', '2026-06-30 19:46:33', '2026-07-01 00:46:33', 'completed'),
('d0d580ab-81a1-4781-b506-3639b2c83043', 'b399713a-6f35-46ac-aa20-a87602408b4a', '23ea6586-c085-47ae-a496-154570d20ecb', 'Delhi', 'Bangalore', '2026-07-04 03:46:33', NULL, 'in_progress'),
('8906c8ec-171c-47a6-b39d-709cf133954a', 'df6677f6-2514-4cbd-97d6-a8dfedbd4352', '6178d949-5111-4004-beb5-8efcb7867505', 'Chennai', 'Hubli', '2026-07-03 02:46:33', NULL, 'cancelled'),
('a4783ced-d297-4833-98e0-bdd397053fb1', 'dc7beb8e-3a3a-47ad-a793-c6f439a68b2b', 'b7203f12-ca2a-4cbe-8b82-91db1708fd29', 'Bangalore', 'Hubli', '2026-06-19 02:46:33', NULL, 'in_progress'),
('248df1e6-aa86-4a22-b2fc-7c4af5a2dfa8', 'dc7beb8e-3a3a-47ad-a793-c6f439a68b2b', 'a81d27af-7a5c-4652-9f5d-7ce7b6ab4ed8', 'Mangalore', 'Hyderabad', '2026-06-13 22:46:33', NULL, 'cancelled'),
('d3a614d1-6b48-4b0f-ade2-81ffaa58b1c0', '30b33e8e-6900-4374-8a3f-53ba67073577', 'b09c02b2-d119-4514-86c1-0a4841f5447f', 'Hubli', 'Kochi', '2026-06-16 22:46:33', '2026-06-17 05:46:33', 'completed'),
('cc4ec136-9da4-44dd-b97a-9360939096b6', '9c890566-fed0-429a-9af7-bb7cdf3fbfdf', 'e8e5e1ee-f119-4002-80be-3b46b156788d', 'Bangalore', 'Pune', '2026-06-16 21:46:33', '2026-06-17 04:46:33', 'completed'),
('f658cc05-dd09-4130-9f0c-739f72a9c85c', 'd059f352-e303-487a-870c-8509ddcab98c', 'b7203f12-ca2a-4cbe-8b82-91db1708fd29', 'Kochi', 'Mysore', '2026-06-12 20:46:33', '2026-06-12 23:46:33', 'completed'),
('6dfe5c45-468c-4fc8-b922-132cafae6aa3', '6a5df0e8-598a-42a7-8682-ecd280bf38eb', '09532325-5341-4db6-97a7-b4ee394f538d', 'Mumbai', 'Pune', '2026-06-23 19:46:33', '2026-06-24 01:46:33', 'completed'),
('a81b7f9d-43ef-4558-89a5-b9d735ad03f4', 'eb5cdfb7-1140-4cc6-863f-e3980f919601', 'b09c02b2-d119-4514-86c1-0a4841f5447f', 'Mangalore', 'Kochi', '2026-06-17 05:46:33', NULL, 'in_progress'),
('b531cbcf-c9bc-4c47-86c6-340a32458e54', '1565f2bc-110c-46f1-9c9f-ce31df16587e', 'b7203f12-ca2a-4cbe-8b82-91db1708fd29', 'Hubli', 'Chennai', '2026-06-19 16:46:33', '2026-06-19 18:46:33', 'completed'),
('bad57e05-e02a-4e91-be7c-c1c4d51f0f6d', '30b33e8e-6900-4374-8a3f-53ba67073577', '4a1b4d56-b18d-4d03-87c1-2971fac3753c', 'Mangalore', 'Bangalore', '2026-06-21 06:46:33', NULL, 'in_progress'),
('b48a872e-e0d8-4e7c-b473-4ece1a62353f', 'eb5cdfb7-1140-4cc6-863f-e3980f919601', 'b09c02b2-d119-4514-86c1-0a4841f5447f', 'Kochi', 'Mysore', '2026-06-23 00:46:33', '2026-06-23 08:46:33', 'completed'),
('af8faedd-d148-44ea-9123-a8dd40bdf588', 'b8cf756c-244c-461c-9439-99cd9b89260a', '702ed252-3d9e-4b5f-8f9d-325f46a5e76c', 'Delhi', 'Hyderabad', '2026-07-03 02:46:33', '2026-07-03 04:46:33', 'completed'),
('d94c4af5-3369-41f9-9f1d-db2eab58e630', '6488264f-8e7a-43af-8f83-6e8946d1e251', '35489e71-1892-4dcd-9e9a-20a22d53532a', 'Mumbai', 'Hubli', '2026-07-06 04:46:33', '2026-07-06 07:46:33', 'completed'),
('bde73bbd-fa69-463e-9633-66e914be7a64', '5529f3ab-9a5f-4695-89a5-abd3c83493d9', '6178d949-5111-4004-beb5-8efcb7867505', 'Hubli', 'Pune', '2026-06-27 03:46:33', NULL, 'in_progress'),
('c2505134-c804-4899-8c6c-d66302d01aaa', '23608307-d653-4045-85f9-c0c0b7829ea9', '6ef83a7c-0c8c-49b9-b3c4-0da31b89f6f0', 'Pune', 'Bangalore', '2026-06-26 20:46:33', NULL, 'cancelled'),
('1c588c03-86b7-4ac6-91a8-ab4b97ff3adb', '30b33e8e-6900-4374-8a3f-53ba67073577', '17312f76-6675-45c5-965f-175bf4730948', 'Chennai', 'Mumbai', '2026-07-12 04:46:33', '2026-07-12 06:46:33', 'completed'),
('093ddfad-2c80-4c51-9596-69cea93057a4', '23608307-d653-4045-85f9-c0c0b7829ea9', '937e69a6-878e-48a4-a309-866c0fbe943f', 'Mangalore', 'Mysore', '2026-06-30 02:46:33', NULL, 'scheduled'),
('34791f10-aa8d-4cdd-bdde-e9cac6eaf120', 'dc7beb8e-3a3a-47ad-a793-c6f439a68b2b', '17312f76-6675-45c5-965f-175bf4730948', 'Delhi', 'Mysore', '2026-06-16 21:46:33', '2026-06-17 04:46:33', 'completed'),
('4844d45c-b918-4c88-8c59-a54bd2c792bb', 'dc464d1b-50eb-45af-bb4c-cc68a7bc9716', '937e69a6-878e-48a4-a309-866c0fbe943f', 'Mangalore', 'Chennai', '2026-07-03 19:46:33', '2026-07-04 03:46:33', 'completed'),
('14deb4be-8aa7-4915-b8c9-a766e30b0740', '9c890566-fed0-429a-9af7-bb7cdf3fbfdf', 'b09c02b2-d119-4514-86c1-0a4841f5447f', 'Hubli', 'Kochi', '2026-06-20 18:46:33', NULL, 'cancelled'),
('73c18567-9261-4cf0-bf91-c98e3b4944fa', 'b8cf756c-244c-461c-9439-99cd9b89260a', '09532325-5341-4db6-97a7-b4ee394f538d', 'Hubli', 'Mysore', '2026-06-28 04:46:33', '2026-06-28 12:46:33', 'completed'),
('0ea02fd3-2213-4ea7-a7e8-403bad2bb13d', '6a5df0e8-598a-42a7-8682-ecd280bf38eb', 'e8e5e1ee-f119-4002-80be-3b46b156788d', 'Bangalore', 'Delhi', '2026-06-30 19:46:33', NULL, 'in_progress'),
('c9fb1fe6-471a-4083-8855-09a8fe13cc25', 'ca30025c-aedb-40bc-9dd6-1289aeb80bb7', '17312f76-6675-45c5-965f-175bf4730948', 'Mumbai', 'Delhi', '2026-07-09 06:46:33', '2026-07-09 13:46:33', 'completed'),
('a709aab4-69e4-402d-b95d-ba062bf903a9', 'd059f352-e303-487a-870c-8509ddcab98c', 'd9224442-922a-47f9-bb98-ccc428334713', 'Bangalore', 'Mangalore', '2026-06-24 04:46:33', NULL, 'scheduled'),
('69a09629-58b7-473d-b832-f1dbbcab78c0', 'b399713a-6f35-46ac-aa20-a87602408b4a', 'd6994ce4-0a08-4fb8-b1dc-f8eb553c1003', 'Mumbai', 'Bangalore', '2026-06-21 23:46:33', '2026-06-22 04:46:33', 'completed'),
('2d732b20-dca4-454f-865f-39ba9802fc4a', 'df6677f6-2514-4cbd-97d6-a8dfedbd4352', '807c80cc-406d-4850-a7c4-0e9e84e61569', 'Bangalore', 'Chennai', '2026-06-19 23:46:33', '2026-06-20 01:46:33', 'completed'),
('aba0aebe-f904-430b-b1db-d35132ba9448', 'e4816245-7e87-43aa-96d9-f7f0e96edd01', 'e8e5e1ee-f119-4002-80be-3b46b156788d', 'Hubli', 'Delhi', '2026-06-27 20:46:33', '2026-06-28 04:46:33', 'completed'),
('a966e112-4378-4399-b37f-e4062edaff5e', '34c528eb-a498-4803-91da-a4e99ce3f0b3', '807c80cc-406d-4850-a7c4-0e9e84e61569', 'Bangalore', 'Chennai', '2026-06-27 06:46:33', '2026-06-27 09:46:33', 'completed'),
('a0b980bb-9db9-451a-906f-ff764cdfc90c', 'e4816245-7e87-43aa-96d9-f7f0e96edd01', '807c80cc-406d-4850-a7c4-0e9e84e61569', 'Mumbai', 'Kochi', '2026-06-20 00:46:33', NULL, 'in_progress'),
('d46ded00-b7af-4729-b51e-375bc4fcd30c', '5fbc1b4e-9201-4d14-9469-34275c632032', '50a2068e-7be8-4916-ab08-7fdfdc1e6602', 'Mangalore', 'Hyderabad', '2026-06-16 01:46:33', '2026-06-16 06:46:33', 'completed'),
('b4533f36-c8ad-4d6b-83d8-8e7b3c4ab45c', '1b6ed403-7b5e-4425-9d1c-72d0780d1a36', 'e8e5e1ee-f119-4002-80be-3b46b156788d', 'Kochi', 'Pune', '2026-06-15 20:46:33', NULL, 'scheduled'),
('15684f46-2df8-46c2-ab66-199dee738e7f', 'b876dd1c-e9e2-453e-a3c6-906bc1c2673e', 'de24ccbf-5d25-4546-8cb2-7d5e70e32e7e', 'Kochi', 'Mangalore', '2026-06-20 06:46:33', '2026-06-20 13:46:33', 'completed'),
('4847025f-5c4e-4f64-bcb6-f5e2f8494152', 'dc464d1b-50eb-45af-bb4c-cc68a7bc9716', 'b7203f12-ca2a-4cbe-8b82-91db1708fd29', 'Hyderabad', 'Bangalore', '2026-07-12 06:46:33', '2026-07-12 08:46:33', 'completed'),
('f6fd0da5-a272-4586-a78d-9ec5eef64b62', '8ae78928-3010-4de1-a0a5-878b9aa12057', 'ce88511b-55a4-4627-b00c-23ca9348e568', 'Hubli', 'Kochi', '2026-06-24 02:46:33', '2026-06-24 07:46:33', 'completed'),
('56fb4c70-70f4-45eb-bba5-097fe321ad39', 'e6f873b3-008b-4f4c-a766-0a5f413d8f0f', 'a81d27af-7a5c-4652-9f5d-7ce7b6ab4ed8', 'Pune', 'Delhi', '2026-06-21 22:46:33', NULL, 'in_progress'),
('b8319fa2-f641-4ea7-9574-8a21413100f3', 'b399713a-6f35-46ac-aa20-a87602408b4a', 'd4161191-a87c-4cb5-bdc5-a625bbc94360', 'Delhi', 'Mumbai', '2026-06-30 06:46:33', '2026-06-30 13:46:33', 'completed'),
('9b3b19fe-ebe4-4ae7-baa6-b0359c6f241b', 'e4816245-7e87-43aa-96d9-f7f0e96edd01', '35489e71-1892-4dcd-9e9a-20a22d53532a', 'Chennai', 'Mumbai', '2026-06-26 21:46:33', NULL, 'cancelled'),
('d36016bc-6204-4fdb-ab22-3840021fb3cc', '6488264f-8e7a-43af-8f83-6e8946d1e251', 'ca299a76-5049-45e3-9e48-26b506d94059', 'Kochi', 'Pune', '2026-06-30 22:46:33', '2026-07-01 03:46:33', 'completed'),
('cfdd180c-b108-4a7d-a8d2-1b387ff7a938', '8ae78928-3010-4de1-a0a5-878b9aa12057', '807c80cc-406d-4850-a7c4-0e9e84e61569', 'Mangalore', 'Hubli', '2026-07-02 06:46:33', NULL, 'scheduled'),
('d5a1a293-bfa9-46d5-94ba-32750dd5f9eb', '30b33e8e-6900-4374-8a3f-53ba67073577', '6bc6942e-b4de-4baf-814e-09d6887644e3', 'Delhi', 'Hubli', '2026-06-13 01:46:33', '2026-06-13 06:46:33', 'completed'),
('688180d4-316c-4d9e-8f7f-b35a61eee59c', '35e5445a-e8da-45c2-9375-ff7c5fdeae04', '6178d949-5111-4004-beb5-8efcb7867505', 'Chennai', 'Delhi', '2026-07-09 20:46:33', NULL, 'in_progress'),
('830493cd-783f-4570-ae43-435c48ad1006', 'dc7beb8e-3a3a-47ad-a793-c6f439a68b2b', 'a81d27af-7a5c-4652-9f5d-7ce7b6ab4ed8', 'Chennai', 'Pune', '2026-07-06 03:46:33', NULL, 'in_progress'),
('e3ecc003-2f7b-4903-bac8-254c1d22e651', 'b8cf756c-244c-461c-9439-99cd9b89260a', '4d1811be-72c4-47c9-830e-e7f54430e028', 'Mangalore', 'Delhi', '2026-06-17 23:46:33', '2026-06-18 02:46:33', 'completed'),
('ad043c30-5e8d-4ec3-936d-7cecc81f9155', 'b399713a-6f35-46ac-aa20-a87602408b4a', '35489e71-1892-4dcd-9e9a-20a22d53532a', 'Mangalore', 'Kochi', '2026-06-17 18:46:33', NULL, 'scheduled'),
('24ce4821-9ea7-4462-9c47-75e018d896c6', '35e5445a-e8da-45c2-9375-ff7c5fdeae04', 'de24ccbf-5d25-4546-8cb2-7d5e70e32e7e', 'Bangalore', 'Mysore', '2026-06-26 21:46:33', '2026-06-27 04:46:33', 'completed'),
('a58f0430-9ae7-4107-86f5-d2b452feed14', '1565f2bc-110c-46f1-9c9f-ce31df16587e', '17312f76-6675-45c5-965f-175bf4730948', 'Mumbai', 'Kochi', '2026-06-28 23:46:33', '2026-06-29 07:46:33', 'completed'),
('6bccc5c1-eb66-41b8-9abc-5f04d9da5546', 'f8e5f73f-2f3f-42c6-a193-0654df7adc2a', 'e8e5e1ee-f119-4002-80be-3b46b156788d', 'Hyderabad', 'Kochi', '2026-07-11 16:46:33', '2026-07-11 23:46:33', 'completed'),
('f80992c8-17bf-4e6b-a2a4-0739ae54dcec', '3dbe6e8b-ae2b-485f-b856-12ad3d496ebe', '034bfebf-4a21-43ba-906f-d861597d86da', 'Bangalore', 'Hubli', '2026-06-13 04:46:33', '2026-06-13 12:46:33', 'completed')
ON CONFLICT (id) DO NOTHING;

-- 7. Maintenance Logs
INSERT INTO public.maintenance_logs (id, vehicle_id, description, cost, maintenance_date, status) VALUES 
('2742fd64-ca39-4f8a-88f3-31e94117ec9a', '0e739687-ea16-441f-bc20-0d3883ae0f7e', 'Battery Replacement', 15732.00, '2026-05-23', 'completed'),
('e87d79a4-6528-450a-b8e5-90c1517873fc', 'dc7beb8e-3a3a-47ad-a793-c6f439a68b2b', 'AC Repair', 9597.00, '2026-05-27', 'completed'),
('19fd0a93-3004-4956-b8a9-9f33adecc79d', '5cb4cb0c-efa1-430e-92bd-6f72eb39cf90', 'Brake Inspection', 23074.00, '2026-06-16', 'in_progress'),
('603cc7e0-1a1c-4dae-9432-3ae13241bd52', 'a67010cb-b00a-4c01-984a-5535ac1ced03', 'General Servicing', 7450.00, '2026-07-02', 'completed'),
('7ad7a93a-1ae7-4906-a6c1-8eb05fb0316e', '34c528eb-a498-4803-91da-a4e99ce3f0b3', 'General Servicing', 20350.00, '2026-07-06', 'in_progress'),
('33bbb896-2ad5-4e57-bdc6-bab0bd23af35', '636efa5e-61f2-4045-930c-3f9fd85010c7', 'Engine Oil Change', 6871.00, '2026-06-12', 'completed'),
('e729e010-4373-4b42-bec3-4a78b3c6b757', '34c528eb-a498-4803-91da-a4e99ce3f0b3', 'AC Repair', 2717.00, '2026-05-21', 'completed'),
('395f4053-8e43-406b-9834-f1b2690fbaf1', '3dbe6e8b-ae2b-485f-b856-12ad3d496ebe', 'AC Repair', 20353.00, '2026-06-12', 'completed'),
('2146688b-2d45-4579-8a61-e46a28e03656', 'b8cf756c-244c-461c-9439-99cd9b89260a', 'Brake Inspection', 18265.00, '2026-06-18', 'scheduled'),
('91ca2543-3be8-4234-a9f4-450bf43b18ee', 'd059f352-e303-487a-870c-8509ddcab98c', 'Tire Replacement', 23275.00, '2026-06-05', 'completed'),
('2f5ba7cc-4b2d-45e9-bbe1-d87aec9d788e', 'a67010cb-b00a-4c01-984a-5535ac1ced03', 'General Servicing', 6251.00, '2026-06-08', 'completed'),
('0e528cb2-ef43-4de2-b72a-4404aceb1991', 'eb5cdfb7-1140-4cc6-863f-e3980f919601', 'General Servicing', 14984.00, '2026-06-14', 'completed'),
('7e4305d5-54ce-4721-a517-35e839f6f3e6', '35e5445a-e8da-45c2-9375-ff7c5fdeae04', 'AC Repair', 21423.00, '2026-06-27', 'completed'),
('4a4efe00-bfdf-405e-8786-3e36eff7dbcf', '6a5df0e8-598a-42a7-8682-ecd280bf38eb', 'Brake Inspection', 10152.00, '2026-05-29', 'completed'),
('ee49f281-d030-4e23-9710-7b9b0a15aefa', 'e4816245-7e87-43aa-96d9-f7f0e96edd01', 'Brake Inspection', 14192.00, '2026-05-16', 'completed'),
('e4d08679-03dd-4c1f-9b55-58a48ec6507c', '9c890566-fed0-429a-9af7-bb7cdf3fbfdf', 'AC Repair', 17163.00, '2026-07-06', 'in_progress'),
('1917bdbf-684d-482e-9491-e94b01debbae', '9c890566-fed0-429a-9af7-bb7cdf3fbfdf', 'Engine Oil Change', 5466.00, '2026-05-15', 'completed'),
('0d375454-17f4-4a5f-831f-312cbe00d02b', 'e4816245-7e87-43aa-96d9-f7f0e96edd01', 'Brake Inspection', 8682.00, '2026-06-15', 'completed'),
('67bd6982-1076-4119-a85f-68ec7351a50b', 'ca30025c-aedb-40bc-9dd6-1289aeb80bb7', 'Battery Replacement', 6455.00, '2026-06-11', 'completed'),
('f541d1b5-f16e-4b49-bd5e-a747f3caa038', 'df6677f6-2514-4cbd-97d6-a8dfedbd4352', 'AC Repair', 7029.00, '2026-06-21', 'scheduled')
ON CONFLICT (id) DO NOTHING;

-- 8. Fuel Logs
INSERT INTO public.fuel_logs (id, vehicle_id, trip_id, quantity_liters, cost, fuel_date) VALUES 
('2af37c69-83c4-4c81-b5e6-d8a5254ec74b', '35e5445a-e8da-45c2-9375-ff7c5fdeae04', 'f80992c8-17bf-4e6b-a2a4-0739ae54dcec', 58.00, 5510.00, '2026-06-21'),
('efafacee-62d6-419a-bdea-68de3a523339', '1565f2bc-110c-46f1-9c9f-ce31df16587e', 'd46ded00-b7af-4729-b51e-375bc4fcd30c', 113.00, 10735.00, '2026-07-03'),
('82a35763-bfe3-4f24-b162-eed8a900bea7', '23608307-d653-4045-85f9-c0c0b7829ea9', 'bad57e05-e02a-4e91-be7c-c1c4d51f0f6d', 54.00, 5130.00, '2026-06-28'),
('2e635d98-00e0-46db-808c-d9b5c6ead389', 'b399713a-6f35-46ac-aa20-a87602408b4a', 'd94c4af5-3369-41f9-9f1d-db2eab58e630', 91.00, 8645.00, '2026-06-30'),
('ef4a0110-cb56-4258-b2c3-2f5f68141df7', '6488264f-8e7a-43af-8f83-6e8946d1e251', 'cc4ec136-9da4-44dd-b97a-9360939096b6', 145.00, 13775.00, '2026-07-03'),
('c5b20b0f-489d-41fb-ab2c-1d21f070c828', 'b8cf756c-244c-461c-9439-99cd9b89260a', '24ce4821-9ea7-4462-9c47-75e018d896c6', 133.00, 12635.00, '2026-06-27'),
('26407298-5200-4766-bd5d-65321f2a3e3d', '34c528eb-a498-4803-91da-a4e99ce3f0b3', NULL, 84.00, 7980.00, '2026-06-14'),
('dd1c5cc5-bfc6-499d-847d-8bd436634e0b', '636efa5e-61f2-4045-930c-3f9fd85010c7', 'd3a614d1-6b48-4b0f-ade2-81ffaa58b1c0', 78.00, 7410.00, '2026-06-26'),
('547685c7-c1d0-4df1-8032-b810562e4ae4', '1b6ed403-7b5e-4425-9d1c-72d0780d1a36', NULL, 60.00, 5700.00, '2026-07-03'),
('835af573-7fa0-4bd5-9635-488f87bce4fe', 'eb5cdfb7-1140-4cc6-863f-e3980f919601', NULL, 80.00, 7600.00, '2026-06-25'),
('788960d6-0a4e-42ae-ad03-621911e43c81', '5529f3ab-9a5f-4695-89a5-abd3c83493d9', 'ad043c30-5e8d-4ec3-936d-7cecc81f9155', 54.00, 5130.00, '2026-07-07'),
('8f078541-43cf-437f-b63a-aebc523f189f', 'e6f873b3-008b-4f4c-a766-0a5f413d8f0f', 'b8319fa2-f641-4ea7-9574-8a21413100f3', 119.00, 11305.00, '2026-07-10'),
('63e8b7e2-76b4-430e-a46c-0b63c9fa9545', 'e3296331-b481-485f-a893-946aa064f757', '69a09629-58b7-473d-b832-f1dbbcab78c0', 108.00, 10260.00, '2026-06-24'),
('32301ba0-7d55-4cd4-80b8-bf7e24955ca3', '1565f2bc-110c-46f1-9c9f-ce31df16587e', 'c2505134-c804-4899-8c6c-d66302d01aaa', 94.00, 8930.00, '2026-06-21'),
('b974def5-f90e-477e-bd05-5cfa6ac49fcc', '34c528eb-a498-4803-91da-a4e99ce3f0b3', 'd0d580ab-81a1-4781-b506-3639b2c83043', 133.00, 12635.00, '2026-07-07'),
('357cdd7a-c479-45ac-8384-2c789457f0fa', 'dc464d1b-50eb-45af-bb4c-cc68a7bc9716', NULL, 100.00, 9500.00, '2026-06-15'),
('f11685d5-61ff-4ff3-aaab-56a610a413a6', '30b33e8e-6900-4374-8a3f-53ba67073577', '15684f46-2df8-46c2-ab66-199dee738e7f', 62.00, 5890.00, '2026-06-14'),
('31ecf58a-10cf-41f9-95f7-2a382d83db3f', 'dc7beb8e-3a3a-47ad-a793-c6f439a68b2b', '34791f10-aa8d-4cdd-bdde-e9cac6eaf120', 83.00, 7885.00, '2026-06-28'),
('900a70bc-a30c-4cf2-9b18-65bc1a440eb6', '1b6ed403-7b5e-4425-9d1c-72d0780d1a36', 'd5a1a293-bfa9-46d5-94ba-32750dd5f9eb', 128.00, 12160.00, '2026-07-11'),
('0e33e189-01cc-4e7b-ae3a-49d2e14fe1cb', '30b33e8e-6900-4374-8a3f-53ba67073577', 'a4783ced-d297-4833-98e0-bdd397053fb1', 139.00, 13205.00, '2026-06-21'),
('2303407e-ad4a-4b39-abc4-76130312b965', 'e4816245-7e87-43aa-96d9-f7f0e96edd01', '69a09629-58b7-473d-b832-f1dbbcab78c0', 80.00, 7600.00, '2026-07-03'),
('579b1ae9-2d39-4dff-8b8a-cf26bc2b07f6', '636efa5e-61f2-4045-930c-3f9fd85010c7', '4847025f-5c4e-4f64-bcb6-f5e2f8494152', 88.00, 8360.00, '2026-06-25'),
('19e6d272-4e25-4b30-abc8-aa252ca421bc', 'a67010cb-b00a-4c01-984a-5535ac1ced03', 'f658cc05-dd09-4130-9f0c-739f72a9c85c', 109.00, 10355.00, '2026-06-25'),
('3cbde369-77f1-4f55-b913-8a0651a132e6', 'e3296331-b481-485f-a893-946aa064f757', '9b3b19fe-ebe4-4ae7-baa6-b0359c6f241b', 79.00, 7505.00, '2026-06-17'),
('b15dd5fc-c3c0-4c69-ad46-e0b9769308ee', '5529f3ab-9a5f-4695-89a5-abd3c83493d9', 'b4533f36-c8ad-4d6b-83d8-8e7b3c4ab45c', 103.00, 9785.00, '2026-07-07'),
('913e64bf-81c8-4546-b993-6c92054b8ae3', 'e3296331-b481-485f-a893-946aa064f757', NULL, 59.00, 5605.00, '2026-06-23'),
('ecfdc365-11c9-406e-a7d4-0c2c68f550eb', 'c5f8f29a-153a-49fe-84e3-323a0ecb0921', '9b3b19fe-ebe4-4ae7-baa6-b0359c6f241b', 49.00, 4655.00, '2026-06-17'),
('c5bbc5ce-dd49-4f27-bc90-fdc4994675ec', '6488264f-8e7a-43af-8f83-6e8946d1e251', NULL, 59.00, 5605.00, '2026-07-01'),
('3d7d16cd-6c9f-4f97-9400-535127fce0ca', '9f670c80-6185-47b3-bcde-2eeceada4290', '6dfe5c45-468c-4fc8-b922-132cafae6aa3', 130.00, 12350.00, '2026-07-07'),
('7bbb870d-895d-404c-a1a7-2a644df242af', '30b33e8e-6900-4374-8a3f-53ba67073577', NULL, 75.00, 7125.00, '2026-07-08'),
('4d3d1b9f-81ea-49bb-954a-3db2033c85f0', 'dc464d1b-50eb-45af-bb4c-cc68a7bc9716', NULL, 114.00, 10830.00, '2026-06-28'),
('8ecdbc47-2fae-4062-a425-f932eeac7ed5', '5fbc1b4e-9201-4d14-9469-34275c632032', '69a09629-58b7-473d-b832-f1dbbcab78c0', 88.00, 8360.00, '2026-07-07'),
('8d6817a5-7138-4a78-80b0-9f8e81266379', 'c5f8f29a-153a-49fe-84e3-323a0ecb0921', '2d732b20-dca4-454f-865f-39ba9802fc4a', 54.00, 5130.00, '2026-07-09'),
('02603a4e-a83c-45a8-a6b9-51e378de68bd', 'ca30025c-aedb-40bc-9dd6-1289aeb80bb7', 'b4533f36-c8ad-4d6b-83d8-8e7b3c4ab45c', 129.00, 12255.00, '2026-07-01'),
('9a09a79b-bf20-4e53-8e40-51e11dd7eec1', '5529f3ab-9a5f-4695-89a5-abd3c83493d9', NULL, 127.00, 12065.00, '2026-06-20'),
('79f242e6-342d-46ad-acc3-e72ce416e05c', '9c890566-fed0-429a-9af7-bb7cdf3fbfdf', 'a4783ced-d297-4833-98e0-bdd397053fb1', 89.00, 8455.00, '2026-06-15'),
('3046bfd1-055b-4f66-a783-b9771e6250ea', '5529f3ab-9a5f-4695-89a5-abd3c83493d9', NULL, 86.00, 8170.00, '2026-07-02'),
('031f0082-448d-4816-a531-d480b07ff753', '6a5df0e8-598a-42a7-8682-ecd280bf38eb', NULL, 99.00, 9405.00, '2026-07-11'),
('71570d01-21a4-4158-a372-2cffc60dbefe', 'b8cf756c-244c-461c-9439-99cd9b89260a', 'b531cbcf-c9bc-4c47-86c6-340a32458e54', 72.00, 6840.00, '2026-06-16'),
('61e7f0b2-4be3-4adf-a63d-f9836b4d8c07', '6a5df0e8-598a-42a7-8682-ecd280bf38eb', 'e3ecc003-2f7b-4903-bac8-254c1d22e651', 54.00, 5130.00, '2026-06-22'),
('e119ef54-7b4a-4ce4-bf8f-5d16199bc76d', 'b399713a-6f35-46ac-aa20-a87602408b4a', 'd5a1a293-bfa9-46d5-94ba-32750dd5f9eb', 112.00, 10640.00, '2026-07-11'),
('9348e420-f4e1-41be-915d-83626c1c1a3b', '5529f3ab-9a5f-4695-89a5-abd3c83493d9', '688180d4-316c-4d9e-8f7f-b35a61eee59c', 131.00, 12445.00, '2026-07-04'),
('eab23c0e-bd5b-4f4c-b325-096251f49ff3', '1b6ed403-7b5e-4425-9d1c-72d0780d1a36', NULL, 92.00, 8740.00, '2026-06-18'),
('320708ce-ce42-46e7-af44-17c7c01cad97', 'd840cfce-0149-4cc3-9955-364509177b8c', 'f80992c8-17bf-4e6b-a2a4-0739ae54dcec', 81.00, 7695.00, '2026-06-24'),
('e20eeedd-65b5-4c48-98c7-f7a21349908a', '1b6ed403-7b5e-4425-9d1c-72d0780d1a36', 'd46ded00-b7af-4729-b51e-375bc4fcd30c', 71.00, 6745.00, '2026-06-18'),
('7a7d99df-5b38-4e66-861d-654a1b8a98d0', 'dc7beb8e-3a3a-47ad-a793-c6f439a68b2b', NULL, 43.00, 4085.00, '2026-07-03'),
('84a34330-5b00-4470-a9cc-2165cd4610d1', '1b6ed403-7b5e-4425-9d1c-72d0780d1a36', '688180d4-316c-4d9e-8f7f-b35a61eee59c', 111.00, 10545.00, '2026-06-21'),
('84a0cdfd-816a-4c76-9220-bf5096c218c4', 'e3296331-b481-485f-a893-946aa064f757', NULL, 58.00, 5510.00, '2026-06-23'),
('8de9c7d3-31eb-427a-8565-e3c525c7490d', 'a67010cb-b00a-4c01-984a-5535ac1ced03', 'aba0aebe-f904-430b-b1db-d35132ba9448', 109.00, 10355.00, '2026-07-04'),
('cd36563c-78a7-454f-9674-1af488e85f4d', '3acead04-2fea-4f52-8f08-46e20f1d18ef', 'b8319fa2-f641-4ea7-9574-8a21413100f3', 60.00, 5700.00, '2026-06-19'),
('496de910-9a38-4c02-87ec-6f9578122e37', 'c5f8f29a-153a-49fe-84e3-323a0ecb0921', '093ddfad-2c80-4c51-9596-69cea93057a4', 109.00, 10355.00, '2026-07-10'),
('a0302e19-d7ec-450f-8fa1-457bc7280ff1', 'e6f873b3-008b-4f4c-a766-0a5f413d8f0f', '688180d4-316c-4d9e-8f7f-b35a61eee59c', 48.00, 4560.00, '2026-06-15'),
('7a2a4b34-9cf0-4956-90a2-0fc8096ae79c', 'a67010cb-b00a-4c01-984a-5535ac1ced03', '6bccc5c1-eb66-41b8-9abc-5f04d9da5546', 131.00, 12445.00, '2026-06-26'),
('844705be-acc3-4794-846e-ace78c55b8cb', 'eb5cdfb7-1140-4cc6-863f-e3980f919601', 'cfdd180c-b108-4a7d-a8d2-1b387ff7a938', 73.00, 6935.00, '2026-07-09'),
('1efcf16b-4abc-4001-8350-b62aa543ea2a', '73bc4f7f-5d6b-4163-9a7d-e170a64362b4', 'd3a614d1-6b48-4b0f-ade2-81ffaa58b1c0', 47.00, 4465.00, '2026-06-17'),
('ea6d1225-106b-4171-b513-9bd30d289b6c', '6488264f-8e7a-43af-8f83-6e8946d1e251', '093ddfad-2c80-4c51-9596-69cea93057a4', 49.00, 4655.00, '2026-06-14'),
('aeab4b69-efb4-466e-86f9-7f71a7cb51e6', '5fbc1b4e-9201-4d14-9469-34275c632032', 'bde73bbd-fa69-463e-9633-66e914be7a64', 69.00, 6555.00, '2026-06-24'),
('858b9639-0231-4c06-90fe-5d9cbbcbb67c', 'a67010cb-b00a-4c01-984a-5535ac1ced03', 'f80992c8-17bf-4e6b-a2a4-0739ae54dcec', 140.00, 13300.00, '2026-07-07'),
('0115cf19-6658-4dd5-a551-662b24d4bde1', '9c890566-fed0-429a-9af7-bb7cdf3fbfdf', NULL, 100.00, 9500.00, '2026-07-07'),
('cafb20e6-15fd-4a22-ba3d-5fe8a6a40113', '6a5df0e8-598a-42a7-8682-ecd280bf38eb', 'b531cbcf-c9bc-4c47-86c6-340a32458e54', 91.00, 8645.00, '2026-07-06'),
('2afaac1b-e2be-4c5c-89c7-742a6d744cf4', 'df6677f6-2514-4cbd-97d6-a8dfedbd4352', '8906c8ec-171c-47a6-b39d-709cf133954a', 112.00, 10640.00, '2026-06-12'),
('1bffbdc3-3b0e-4a05-bf51-673b13ccd5c6', '3acead04-2fea-4f52-8f08-46e20f1d18ef', 'a0b980bb-9db9-451a-906f-ff764cdfc90c', 99.00, 9405.00, '2026-07-03'),
('a060d5cf-450a-49ff-8e91-044528210a8c', 'df6677f6-2514-4cbd-97d6-a8dfedbd4352', NULL, 124.00, 11780.00, '2026-06-29'),
('7c86834f-fa9f-4895-a44c-79209e06e675', '73bc4f7f-5d6b-4163-9a7d-e170a64362b4', '14deb4be-8aa7-4915-b8c9-a766e30b0740', 144.00, 13680.00, '2026-07-01'),
('3005eb14-0f6a-481c-8211-a7df32987cf8', 'd840cfce-0149-4cc3-9955-364509177b8c', 'bad57e05-e02a-4e91-be7c-c1c4d51f0f6d', 91.00, 8645.00, '2026-06-25'),
('8e305954-5162-4cdc-aaff-17e29b9e941c', '8ae78928-3010-4de1-a0a5-878b9aa12057', NULL, 124.00, 11780.00, '2026-06-26'),
('1c395297-fe79-499c-8572-c60ea2785436', '1b6ed403-7b5e-4425-9d1c-72d0780d1a36', NULL, 83.00, 7885.00, '2026-06-22'),
('dd85b331-f468-4431-84c1-99c99e25ce0a', '34c528eb-a498-4803-91da-a4e99ce3f0b3', '6bccc5c1-eb66-41b8-9abc-5f04d9da5546', 74.00, 7030.00, '2026-07-03'),
('2778fa63-9e08-4be2-8254-585bf9f86d40', '9f670c80-6185-47b3-bcde-2eeceada4290', '6bccc5c1-eb66-41b8-9abc-5f04d9da5546', 48.00, 4560.00, '2026-07-03'),
('96a77f37-13c7-424a-a525-722531326a30', '30b33e8e-6900-4374-8a3f-53ba67073577', NULL, 98.00, 9310.00, '2026-06-25'),
('6f93ec67-4f9e-4840-ad4d-30ae546822f7', 'b399713a-6f35-46ac-aa20-a87602408b4a', '0ea02fd3-2213-4ea7-a7e8-403bad2bb13d', 140.00, 13300.00, '2026-07-10'),
('95c78522-fd9f-49ab-9dae-cb72be9d1aec', '34c528eb-a498-4803-91da-a4e99ce3f0b3', 'a709aab4-69e4-402d-b95d-ba062bf903a9', 44.00, 4180.00, '2026-06-28'),
('e3535dc2-49b7-4b38-b5b9-27b674c571f6', '73bc4f7f-5d6b-4163-9a7d-e170a64362b4', '24ce4821-9ea7-4462-9c47-75e018d896c6', 78.00, 7410.00, '2026-07-07'),
('ec7ebc1a-4d5a-4d43-99fb-e8ace41f497d', 'e3296331-b481-485f-a893-946aa064f757', '4844d45c-b918-4c88-8c59-a54bd2c792bb', 143.00, 13585.00, '2026-06-27'),
('9f8c621b-b580-45e5-a67a-4e5ef8d86c66', 'a67010cb-b00a-4c01-984a-5535ac1ced03', 'd5a1a293-bfa9-46d5-94ba-32750dd5f9eb', 91.00, 8645.00, '2026-06-18'),
('8d7524d3-74e5-433c-ae9a-6ff6007da5c8', '35e5445a-e8da-45c2-9375-ff7c5fdeae04', 'cfdd180c-b108-4a7d-a8d2-1b387ff7a938', 94.00, 8930.00, '2026-06-19'),
('2be30998-f703-425c-a2fe-823d27d04aef', 'f8e5f73f-2f3f-42c6-a193-0654df7adc2a', NULL, 83.00, 7885.00, '2026-06-16'),
('48d44617-37f9-4f9b-b0f1-fa0dcab405b8', 'd059f352-e303-487a-870c-8509ddcab98c', '0ea02fd3-2213-4ea7-a7e8-403bad2bb13d', 134.00, 12730.00, '2026-06-12'),
('652065bb-a14b-4c20-a240-da565a8781be', '9c890566-fed0-429a-9af7-bb7cdf3fbfdf', NULL, 89.00, 8455.00, '2026-07-04'),
('3e688785-cfae-473d-9bf2-c0eea88ea9e8', '1565f2bc-110c-46f1-9c9f-ce31df16587e', '69a09629-58b7-473d-b832-f1dbbcab78c0', 58.00, 5510.00, '2026-06-14'),
('34f03afb-8e18-487f-8ea1-1aa29ac11849', '1565f2bc-110c-46f1-9c9f-ce31df16587e', '1c588c03-86b7-4ac6-91a8-ab4b97ff3adb', 123.00, 11685.00, '2026-06-27'),
('caef8d31-1dda-477e-9aa1-cc32efc15e16', '8ae78928-3010-4de1-a0a5-878b9aa12057', '73c18567-9261-4cf0-bf91-c98e3b4944fa', 92.00, 8740.00, '2026-07-04'),
('a0cffd8a-5079-49a1-b7f0-826e2ddc6149', 'd840cfce-0149-4cc3-9955-364509177b8c', '0ea02fd3-2213-4ea7-a7e8-403bad2bb13d', 83.00, 7885.00, '2026-06-17'),
('dd92c80a-ddff-4023-b6fc-5fa460abd655', '0e739687-ea16-441f-bc20-0d3883ae0f7e', '14deb4be-8aa7-4915-b8c9-a766e30b0740', 88.00, 8360.00, '2026-06-27'),
('6c902224-406f-4de7-90f3-6bf919dd0821', '636efa5e-61f2-4045-930c-3f9fd85010c7', '248df1e6-aa86-4a22-b2fc-7c4af5a2dfa8', 90.00, 8550.00, '2026-06-19'),
('c440fd04-877b-4b14-bbfd-ab269351344e', 'ca30025c-aedb-40bc-9dd6-1289aeb80bb7', 'b8319fa2-f641-4ea7-9574-8a21413100f3', 73.00, 6935.00, '2026-06-19'),
('87c034b3-0bf8-4602-9bc8-e054ad7ff3d9', '1b6ed403-7b5e-4425-9d1c-72d0780d1a36', '1c588c03-86b7-4ac6-91a8-ab4b97ff3adb', 51.00, 4845.00, '2026-07-07'),
('1356008e-1703-4a8f-97de-80e75715bff2', 'd840cfce-0149-4cc3-9955-364509177b8c', 'a0b980bb-9db9-451a-906f-ff764cdfc90c', 146.00, 13870.00, '2026-07-09'),
('3f9bb79a-72dc-4c15-b710-c1d8624f25f7', 'b876dd1c-e9e2-453e-a3c6-906bc1c2673e', 'b8319fa2-f641-4ea7-9574-8a21413100f3', 103.00, 9785.00, '2026-06-17'),
('320b3308-08eb-4b39-baa6-8dd40b558959', '636efa5e-61f2-4045-930c-3f9fd85010c7', 'a4783ced-d297-4833-98e0-bdd397053fb1', 42.00, 3990.00, '2026-07-02'),
('24cb28ea-71a1-4a6b-a457-5e061c876c0d', '5fbc1b4e-9201-4d14-9469-34275c632032', '830493cd-783f-4570-ae43-435c48ad1006', 111.00, 10545.00, '2026-06-26'),
('03257d95-a6bf-45a8-afd6-df56f8026b06', '6488264f-8e7a-43af-8f83-6e8946d1e251', '14deb4be-8aa7-4915-b8c9-a766e30b0740', 147.00, 13965.00, '2026-07-04'),
('3b56364f-72a8-4154-8f69-0cf96914d4ee', '73bc4f7f-5d6b-4163-9a7d-e170a64362b4', '4844d45c-b918-4c88-8c59-a54bd2c792bb', 42.00, 3990.00, '2026-06-14'),
('89286022-30dd-4f2e-8eaf-e3123a053008', '8ae78928-3010-4de1-a0a5-878b9aa12057', 'e3ecc003-2f7b-4903-bac8-254c1d22e651', 140.00, 13300.00, '2026-07-10'),
('2c613d77-01e3-4883-b08f-a59e06b2e783', 'b876dd1c-e9e2-453e-a3c6-906bc1c2673e', '1c588c03-86b7-4ac6-91a8-ab4b97ff3adb', 133.00, 12635.00, '2026-07-05'),
('6f0cd781-ab38-4553-b109-8e03a7d645be', 'b876dd1c-e9e2-453e-a3c6-906bc1c2673e', '688180d4-316c-4d9e-8f7f-b35a61eee59c', 139.00, 13205.00, '2026-07-08'),
('870938b9-c4e7-448b-b61f-bce454f8f603', 'd059f352-e303-487a-870c-8509ddcab98c', NULL, 132.00, 12540.00, '2026-06-16'),
('a3cb891d-b50d-48dd-9447-b2754cd83a1f', '23608307-d653-4045-85f9-c0c0b7829ea9', NULL, 125.00, 11875.00, '2026-06-30'),
('f8ce9709-f0b2-48c4-be4a-bfe823da3dab', 'f8e5f73f-2f3f-42c6-a193-0654df7adc2a', '2d732b20-dca4-454f-865f-39ba9802fc4a', 106.00, 10070.00, '2026-06-20'),
('eb80a651-2791-444f-90e3-49b5395206d8', '1b6ed403-7b5e-4425-9d1c-72d0780d1a36', 'd0d580ab-81a1-4781-b506-3639b2c83043', 91.00, 8645.00, '2026-07-09')
ON CONFLICT (id) DO NOTHING;

-- 9. Expenses
INSERT INTO public.expenses (id, type, amount, expense_date, trip_id, maintenance_id, description) VALUES 
('061994d1-515f-477c-9569-5163f98a16ae', 'other', 1325.00, '2026-07-06', '6bccc5c1-eb66-41b8-9abc-5f04d9da5546', NULL, 'Toll tax'),
('65eb894f-3484-4e84-8986-fc9f7adb73d5', 'fuel', 5873.00, '2026-07-05', 'e3ecc003-2f7b-4903-bac8-254c1d22e651', NULL, 'Fuel during trip'),
('d766dcbd-2706-448f-9af2-7f3003fabf3b', 'fuel', 3744.00, '2026-07-09', 'd0d580ab-81a1-4781-b506-3639b2c83043', NULL, 'Fuel during trip'),
('0e716ec9-95cd-4486-8b63-0bd6f8e5f2fa', 'fuel', 5473.00, '2026-06-17', 'a81b7f9d-43ef-4558-89a5-b9d735ad03f4', NULL, 'Fuel during trip'),
('fc7e1c1b-8e99-442b-a1f1-4a0ca4a4300d', 'fuel', 2519.00, '2026-06-26', 'cfdd180c-b108-4a7d-a8d2-1b387ff7a938', NULL, 'Fuel during trip'),
('2362cfdc-3a06-45ce-9a54-1442388de674', 'maintenance', 8054.00, '2026-06-12', NULL, '4a4efe00-bfdf-405e-8786-3e36eff7dbcf', 'Routine checkup'),
('751c8f62-b505-42cc-be15-47dcbece14a0', 'maintenance', 8727.00, '2026-07-03', NULL, '1917bdbf-684d-482e-9491-e94b01debbae', 'Routine checkup'),
('bc233512-0e96-4c43-b8cc-e11c4223d0c7', 'other', 584.00, '2026-06-21', 'a4783ced-d297-4833-98e0-bdd397053fb1', NULL, 'Driver food allowance'),
('8066117a-e535-4348-912a-efeccbf0b839', 'fuel', 7885.00, '2026-07-02', 'af8faedd-d148-44ea-9123-a8dd40bdf588', NULL, 'Fuel during trip'),
('ef48ee1d-f4f0-42b3-a813-0a634d8c0ed0', 'other', 1046.00, '2026-06-23', NULL, NULL, 'Parking fee'),
('c25d487e-b02b-4bf5-b997-b0d9daa90492', 'other', 396.00, '2026-07-08', NULL, NULL, 'Permit renewal'),
('dfb7d5d7-d850-4157-9573-cd2e4aac6906', 'other', 318.00, '2026-06-12', NULL, NULL, 'Driver food allowance'),
('a8976008-256f-4a92-8d9a-c72b85ede7de', 'fuel', 2369.00, '2026-07-06', 'f03e4c66-9a4a-4a6c-adec-928d80a427d7', NULL, 'Fuel during trip'),
('96fd3301-2a60-41d8-be5a-373b53855005', 'fuel', 4097.00, '2026-06-25', 'd94c4af5-3369-41f9-9f1d-db2eab58e630', NULL, 'Fuel during trip'),
('be8726c8-d4ac-46b0-906f-f173a0a2cd70', 'maintenance', 9750.00, '2026-06-29', NULL, '1917bdbf-684d-482e-9491-e94b01debbae', 'Routine checkup'),
('fab5b4c9-f555-4ff8-a383-eaeaffbd29f1', 'maintenance', 8973.00, '2026-06-20', NULL, 'e4d08679-03dd-4c1f-9b55-58a48ec6507c', 'Routine checkup'),
('a0d5c9ec-f0de-44f9-9601-918a12869358', 'fuel', 5881.00, '2026-06-22', 'd3a614d1-6b48-4b0f-ade2-81ffaa58b1c0', NULL, 'Fuel during trip'),
('28df0c05-9b80-43ad-bc14-208822e8a8bc', 'maintenance', 10585.00, '2026-06-29', NULL, '2f5ba7cc-4b2d-45e9-bbe1-d87aec9d788e', 'Routine checkup'),
('811c0441-fe92-43b0-a5a6-02f1a5d0bcbe', 'maintenance', 6255.00, '2026-06-21', NULL, 'f541d1b5-f16e-4b49-bd5e-a747f3caa038', 'Routine checkup'),
('baf4c3b2-c984-4e13-b07e-81c23d9b4b4d', 'maintenance', 10607.00, '2026-07-02', NULL, '0d375454-17f4-4a5f-831f-312cbe00d02b', 'Routine checkup'),
('178d8ed8-c360-41d9-903c-b76bcab857a6', 'fuel', 3130.00, '2026-06-26', 'f6fd0da5-a272-4586-a78d-9ec5eef64b62', NULL, 'Fuel during trip'),
('80b0b64c-c5c7-4410-8042-e5de97f47a7f', 'maintenance', 3612.00, '2026-06-14', NULL, '0d375454-17f4-4a5f-831f-312cbe00d02b', 'Routine checkup'),
('5d7bb987-3193-45c8-b704-ea356d393ea3', 'fuel', 2344.00, '2026-06-19', 'a4783ced-d297-4833-98e0-bdd397053fb1', NULL, 'Fuel during trip'),
('d08a144a-6fe6-4d0b-a01a-26650e944e82', 'other', 404.00, '2026-06-25', NULL, NULL, 'Driver food allowance'),
('f87d1ea3-33ed-4da1-831b-8bca68d94d14', 'fuel', 3706.00, '2026-06-30', 'd3a614d1-6b48-4b0f-ade2-81ffaa58b1c0', NULL, 'Fuel during trip'),
('f76b41b3-e6b8-4446-80f5-bae8f330fac9', 'other', 296.00, '2026-07-06', 'e3ecc003-2f7b-4903-bac8-254c1d22e651', NULL, 'Parking fee'),
('1f4ffc22-78a5-417c-babc-db1e3af6c163', 'fuel', 2481.00, '2026-07-02', '24ce4821-9ea7-4462-9c47-75e018d896c6', NULL, 'Fuel during trip'),
('6f95a764-5d3d-4103-ac7e-922ee4cb4ddd', 'other', 284.00, '2026-07-02', '093ddfad-2c80-4c51-9596-69cea93057a4', NULL, 'Minor repair on road'),
('08a3d24f-591f-4f12-b1b8-e5f33347ed00', 'other', 350.00, '2026-06-25', '4844d45c-b918-4c88-8c59-a54bd2c792bb', NULL, 'Toll tax'),
('0af616ed-97fa-4df8-8da4-65b1b3da1fdd', 'maintenance', 3930.00, '2026-06-26', NULL, '1917bdbf-684d-482e-9491-e94b01debbae', 'Routine checkup'),
('f62625fb-88cf-424f-b1b6-c49c3d93c2e9', 'maintenance', 8662.00, '2026-06-30', NULL, '395f4053-8e43-406b-9834-f1b2690fbaf1', 'Routine checkup'),
('915c9f66-0505-4dfe-aaac-95d97b7af204', 'fuel', 6491.00, '2026-06-28', '248df1e6-aa86-4a22-b2fc-7c4af5a2dfa8', NULL, 'Fuel during trip'),
('0f6438b3-1a59-47f1-a983-d127e99c528d', 'fuel', 7092.00, '2026-06-19', 'b8319fa2-f641-4ea7-9574-8a21413100f3', NULL, 'Fuel during trip'),
('eba2c4f1-68cb-413d-9407-66b56a10ff05', 'fuel', 7299.00, '2026-06-20', '6dfe5c45-468c-4fc8-b922-132cafae6aa3', NULL, 'Fuel during trip'),
('bc06968d-8b8f-4664-9ecf-87688868fef4', 'maintenance', 11886.00, '2026-06-22', NULL, '4a4efe00-bfdf-405e-8786-3e36eff7dbcf', 'Routine checkup'),
('1360d001-8661-4116-bb8a-6279a9352c61', 'fuel', 4956.00, '2026-06-16', 'a966e112-4378-4399-b37f-e4062edaff5e', NULL, 'Fuel during trip'),
('6ce3ff0e-5834-46a3-b4aa-7bde343bd5cf', 'fuel', 4201.00, '2026-06-28', '4844d45c-b918-4c88-8c59-a54bd2c792bb', NULL, 'Fuel during trip'),
('f014e59a-43e8-4556-bc77-5d304d2761a5', 'fuel', 7834.00, '2026-06-26', '69a09629-58b7-473d-b832-f1dbbcab78c0', NULL, 'Fuel during trip'),
('cbb185b7-b3aa-4103-b733-c5b53dddc7c8', 'other', 433.00, '2026-07-10', NULL, NULL, 'Parking fee'),
('be0d58bf-fab5-4508-b944-1633761ee006', 'fuel', 6007.00, '2026-06-29', 'd3a614d1-6b48-4b0f-ade2-81ffaa58b1c0', NULL, 'Fuel during trip'),
('6ec07a6e-9040-4d8b-83d8-96c736ca8036', 'maintenance', 11779.00, '2026-07-03', NULL, '2f5ba7cc-4b2d-45e9-bbe1-d87aec9d788e', 'Routine checkup'),
('224faad1-61e4-4f3d-b4d2-1747fbe0027d', 'other', 235.00, '2026-06-14', 'b48a872e-e0d8-4e7c-b473-4ece1a62353f', NULL, 'Toll tax'),
('d7180b52-e3cf-4d53-a814-b1f1f9f90fe2', 'fuel', 7680.00, '2026-06-27', 'a966e112-4378-4399-b37f-e4062edaff5e', NULL, 'Fuel during trip'),
('9e5f9de4-19ae-4c98-ac1d-0b6bbc7e612d', 'other', 1087.00, '2026-06-16', '9b3b19fe-ebe4-4ae7-baa6-b0359c6f241b', NULL, 'Permit renewal'),
('866cce14-4c96-4e8f-9e70-603278445695', 'other', 1396.00, '2026-06-30', NULL, NULL, 'Permit renewal'),
('850c9838-12df-4f2b-a2cc-6acc15782200', 'maintenance', 5863.00, '2026-06-25', NULL, 'e4d08679-03dd-4c1f-9b55-58a48ec6507c', 'Routine checkup'),
('5c0c96a9-77e3-4b8b-be08-36fba3d0a5d2', 'other', 243.00, '2026-07-09', NULL, NULL, 'Minor repair on road'),
('9034508b-d655-4b2c-9dd4-36308a505aa6', 'fuel', 7965.00, '2026-06-28', 'd36016bc-6204-4fdb-ab22-3840021fb3cc', NULL, 'Fuel during trip'),
('2bbc7849-ea4c-457f-bf62-4c8648468394', 'maintenance', 7262.00, '2026-07-08', NULL, '2146688b-2d45-4579-8a61-e46a28e03656', 'Routine checkup'),
('3dc1b246-05fe-4b1d-b2f4-0c594e2309d4', 'other', 651.00, '2026-06-27', '1c588c03-86b7-4ac6-91a8-ab4b97ff3adb', NULL, 'Driver food allowance'),
('e4a2de57-39da-45f7-ac40-f37117f2cb40', 'fuel', 5194.00, '2026-06-24', 'ad043c30-5e8d-4ec3-936d-7cecc81f9155', NULL, 'Fuel during trip'),
('5fad7c95-1da8-46aa-9752-8a9b9e5c310c', 'maintenance', 4435.00, '2026-06-14', NULL, '19fd0a93-3004-4956-b8a9-9f33adecc79d', 'Routine checkup'),
('9d9ad0dd-bb30-4264-8d06-969b80283480', 'other', 1488.00, '2026-07-03', 'd0d580ab-81a1-4781-b506-3639b2c83043', NULL, 'Minor repair on road'),
('aaba0dd1-5ad3-49d4-8868-06c7ec964228', 'other', 1441.00, '2026-06-24', 'd3a614d1-6b48-4b0f-ade2-81ffaa58b1c0', NULL, 'Minor repair on road'),
('0c81338d-9961-4301-821c-91a2b26755ee', 'maintenance', 8334.00, '2026-07-07', NULL, '395f4053-8e43-406b-9834-f1b2690fbaf1', 'Routine checkup')
ON CONFLICT (id) DO NOTHING;

